{
  "n_seeds": 31,
  "probe": {
    "Static": {
      "test": {
        "mean": 0.8747304781634464,
        "ci95_lo": 0.8699331409191134,
        "ci95_hi": 0.8795278154077794
      },
      "ambiguous": {
        "mean": 0.5646258064516129,
        "ci95_lo": 0.5610749439894326,
        "ci95_hi": 0.5681766689137931
      },
      "continuation": {
        "mean": 0.7303973348500856,
        "ci95_lo": 0.7266968908944234,
        "ci95_hi": 0.7340977788057479
      }
    },
    "Additive": {
      "test": {
        "mean": 0.8921067095083077,
        "ci95_lo": 0.8890897799759883,
        "ci95_hi": 0.8951236390406272
      },
      "ambiguous": {
        "mean": 0.5790516129032258,
        "ci95_lo": 0.5745778401413458,
        "ci95_hi": 0.5835253856651058
      },
      "continuation": {
        "mean": 0.7633460632160557,
        "ci95_lo": 0.7599688594372657,
        "ci95_hi": 0.7667232669948457
      }
    },
    "Joint": {
      "test": {
        "mean": 0.8806071111486915,
        "ci95_lo": 0.8752420210070522,
        "ci95_hi": 0.8859722012903308
      },
      "ambiguous": {
        "mean": 0.5952451612903226,
        "ci95_lo": 0.5890171598241949,
        "ci95_hi": 0.6014731627564502
      },
      "continuation": {
        "mean": 0.7626147720809294,
        "ci95_lo": 0.7587295932958322,
        "ci95_hi": 0.7664999508660266
      }
    },
    "Timeformer": {
      "test": {
        "mean": 0.8807339449541284,
        "ci95_lo": 0.8752528732202499,
        "ci95_hi": 0.8862150166880068
      },
      "ambiguous": {
        "mean": 0.598,
        "ci95_lo": 0.5902656455609244,
        "ci95_hi": 0.6057343544390755
      },
      "continuation": {
        "mean": 0.7549768424473876,
        "ci95_lo": 0.7503045978841258,
        "ci95_hi": 0.7596490870106494
      }
    }
  },
  "sign_flip": {
    "Static": {
      "mean": 0.0,
      "ci95_lo": 0.0,
      "ci95_hi": 0.0
    },
    "Additive": {
      "mean": 0.6017797552836485,
      "ci95_lo": 0.5487899750475166,
      "ci95_hi": 0.6547695355197803
    },
    "Joint": {
      "mean": 0.6240266963292548,
      "ci95_lo": 0.5755366384241453,
      "ci95_hi": 0.6725167542343643
    },
    "Timeformer": {
      "mean": 0.5873192436040046,
      "ci95_lo": 0.5363473000733089,
      "ci95_hi": 0.6382911871347002
    }
  },
  "drift": {
    "Static": {
      "stable_t0": {
        "mean": 0.7406732117812062,
        "ci95_lo": 0.7308129529558645,
        "ci95_hi": 0.7505334706065478
      },
      "stable_t9": {
        "mean": 0.7807917888563051,
        "ci95_lo": 0.7686568037130872,
        "ci95_hi": 0.7929267739995229
      },
      "stable_delta": {
        "mean": 0.04011857707509883,
        "ci95_lo": 0.02342455279928237,
        "ci95_hi": 0.056812601350915294
      },
      "drift_t0": {
        "mean": 0.6318858560794043,
        "ci95_lo": 0.6176632022609221,
        "ci95_hi": 0.6461085098978865
      },
      "drift_t9": {
        "mean": 0.4104301075268817,
        "ci95_lo": 0.39585339362161137,
        "ci95_hi": 0.425006821432152
      },
      "drift_delta": {
        "mean": -0.2214557485525227,
        "ci95_lo": -0.2398892100956045,
        "ci95_hi": -0.20302228700944092
      },
      "bifurc_t0": {
        "mean": 0.7931761786600497,
        "ci95_lo": 0.7837716196254753,
        "ci95_hi": 0.8025807376946242
      },
      "bifurc_t9": {
        "mean": 0.6600806451612904,
        "ci95_lo": 0.6470724273774826,
        "ci95_hi": 0.6730888629450982
      },
      "bifurc_delta": {
        "mean": -0.1330955334987593,
        "ci95_lo": -0.15095100419205573,
        "ci95_hi": -0.11524006280546287
      }
    },
    "Additive": {
      "stable_t0": {
        "mean": 0.8273492286115006,
        "ci95_lo": 0.815097223129501,
        "ci95_hi": 0.8396012340935003
      },
      "stable_t9": {
        "mean": 0.6777126099706747,
        "ci95_lo": 0.6594995479246076,
        "ci95_hi": 0.6959256720167418
      },
      "stable_delta": {
        "mean": -0.14963661864082625,
        "ci95_lo": -0.17631110638387648,
        "ci95_hi": -0.12296213089777602
      },
      "drift_t0": {
        "mean": 0.8393300248138958,
        "ci95_lo": 0.8289967062117339,
        "ci95_hi": 0.8496633434160578
      },
      "drift_t9": {
        "mean": 0.2724731182795698,
        "ci95_lo": 0.2573244120859385,
        "ci95_hi": 0.28762182447320117
      },
      "drift_delta": {
        "mean": -0.566856906534326,
        "ci95_lo": -0.5863076190333315,
        "ci95_hi": -0.5474061940353204
      },
      "bifurc_t0": {
        "mean": 0.8945409429280395,
        "ci95_lo": 0.885581844934951,
        "ci95_hi": 0.9035000409211281
      },
      "bifurc_t9": {
        "mean": 0.5298387096774193,
        "ci95_lo": 0.5176659553825614,
        "ci95_hi": 0.5420114639722772
      },
      "bifurc_delta": {
        "mean": -0.36470223325062034,
        "ci95_lo": -0.3819822335051208,
        "ci95_hi": -0.3474222329961199
      }
    },
    "Joint": {
      "stable_t0": {
        "mean": 0.8354838709677422,
        "ci95_lo": 0.8226899857206759,
        "ci95_hi": 0.8482777562148086
      },
      "stable_t9": {
        "mean": 0.6552785923753666,
        "ci95_lo": 0.6375079086712105,
        "ci95_hi": 0.6730492760795226
      },
      "stable_delta": {
        "mean": -0.18020527859237542,
        "ci95_lo": -0.20398537194758876,
        "ci95_hi": -0.1564251852371621
      },
      "drift_t0": {
        "mean": 0.8327543424317618,
        "ci95_lo": 0.8189561566237484,
        "ci95_hi": 0.8465525282397752
      },
      "drift_t9": {
        "mean": 0.26935483870967747,
        "ci95_lo": 0.2547634045900774,
        "ci95_hi": 0.28394627282927754
      },
      "drift_delta": {
        "mean": -0.5633995037220845,
        "ci95_lo": -0.5829009318653895,
        "ci95_hi": -0.5438980755787794
      },
      "bifurc_t0": {
        "mean": 0.8913151364764268,
        "ci95_lo": 0.879938926160834,
        "ci95_hi": 0.9026913467920196
      },
      "bifurc_t9": {
        "mean": 0.5252688172043011,
        "ci95_lo": 0.5135778591424196,
        "ci95_hi": 0.5369597752661825
      },
      "bifurc_delta": {
        "mean": -0.36604631927212566,
        "ci95_lo": -0.38227123880542757,
        "ci95_hi": -0.34982139973882376
      }
    },
    "Timeformer": {
      "stable_t0": {
        "mean": 0.8301542776998596,
        "ci95_lo": 0.8176141320242378,
        "ci95_hi": 0.8426944233754814
      },
      "stable_t9": {
        "mean": 0.672434017595308,
        "ci95_lo": 0.6567238299666572,
        "ci95_hi": 0.6881442052239587
      },
      "stable_delta": {
        "mean": -0.15772026010455173,
        "ci95_lo": -0.17900564413380082,
        "ci95_hi": -0.13643487607530264
      },
      "drift_t0": {
        "mean": 0.8332506203473946,
        "ci95_lo": 0.817347071784183,
        "ci95_hi": 0.8491541689106062
      },
      "drift_t9": {
        "mean": 0.27440860215053753,
        "ci95_lo": 0.2603197678695518,
        "ci95_hi": 0.28849743643152326
      },
      "drift_delta": {
        "mean": -0.5588420181968567,
        "ci95_lo": -0.580947282634486,
        "ci95_hi": -0.5367367537592275
      },
      "bifurc_t0": {
        "mean": 0.8782878411910671,
        "ci95_lo": 0.8653221945039515,
        "ci95_hi": 0.8912534878781826
      },
      "bifurc_t9": {
        "mean": 0.5303763440860215,
        "ci95_lo": 0.5205500823991848,
        "ci95_hi": 0.5402026057728583
      },
      "bifurc_delta": {
        "mean": -0.34791149710504554,
        "ci95_lo": -0.36254864820911176,
        "ci95_hi": -0.3332743460009793
      }
    }
  }
}