{
  "n_seeds": 4,
  "continuation": {
    "mean": 0.7736146095717884,
    "ci95_lo": 0.7655919395465994,
    "ci95_hi": 0.7816372795969774
  },
  "sign_flip": {
    "mean": 0.7586206896551724,
    "ci95_lo": 0.6152486940214862,
    "ci95_hi": 0.9019926852888586
  },
  "ambiguous": {
    "mean": 0.5941,
    "ci95_lo": 0.5819896951868804,
    "ci95_hi": 0.6062103048131195
  },
  "delta_cont_vs_joint": {
    "mean": 0.015743073047858935,
    "ci95_lo": 0.0027393694234310977,
    "ci95_hi": 0.028746776672286773
  },
  "delta_flip_vs_joint": {
    "mean": 0.12068965517241378,
    "ci95_lo": -0.18344827586206894,
    "ci95_hi": 0.42482758620689653
  }
}